{
  "weights": [
    6.247371478100999,
    -4.89939707498886,
    2.8513142387491026
  ],
  "bias": 0.02032123283780534
}